JPFog	
supertangerine	
JaxCounter	
Iasriel	
Justin_4K	
Pathfinda_	
Le0nardoo	
vlex19	
KielSage	
lGoldLeaderl	
Squat	
therotten	
ThaPew	
azurche	
VennDiagramNips	
SweetSurrender_	
1derboy	
Col_lector	
YoMamaNoodles	
CMOD_R	
Metalheadmx	
ohNoChris	
SushiTaco	
plugwalk	
SamDoyle	
koolasskris	
gM-Boolsheet	
Axtros1	
SG_Kid	
Hammer_meme	
Waldial	
FateEntity	
GroovyDude	
Zackata	
bluefin78	
Kumis_Cloud	
ediot	
gowarin	
inoobyes	
Seckzydevil	
Jeffy_	
TheLastHero	
Yung_Turtle	
MK_Reaper	
Bichnyga	
LlamaBite	
PolishThunderFTW	
jayveeohh	
jaymanjayman	
DarkDusta69	
Luemin	
GunsBT	
ChancetheRaptor	
SLAV3NATOR	
twitch-boltonic	
YoloBush	
Flegi	
YoungMetro6	
BigDaddyFish	
thepope444	
tarJEY	
Capt_Leo	
deltack	
SHAWALL	
i13Offspring	
tamirman	
fecal_lasagna	
PinkfloydFan08	
xFormulas	
Saintdeux	
Mr_Pizzooti	
digitality	
potion-seller	
kngpedr	
Madmika123	
DEA_RickyTan	
xXLoudLordXx	
TacticalJesus	
Fluffywuffy	
Quillly	
Azngreentea	
Shankapotmus	
NorthCack	
LordHellsing	
BumbleSteak	
KruLzz	
Chorogon	
Luker373	
Mesperoid	
CaptJacc19	
Sooke	
T43_0m3n	
spaceghost7117	
SicBoy_Do	
CucumberMan20	
TaterNips89	
PhallicBanana	
IGonGetB4IGetGot	
Soapyballs	
EkNaLiVe	
Khaotic_Killzone	
Birdman2007	
Dr_Z4ius	
GalarMulya	
HarryBody	
CommandoKitty	
Blek	
seefaux	
Raethax	
TheValkyrie07	
nobasecase	
MagicMeatboy	
ImmuneEntity	
WA_DU_HAK	
BritoMJK	
Neinzen	
derpity11	
funkeedingus	
Whattaloser	
Johnosan	
keithzorz-_-	
Raptorford	
fakeplayer292	
Execution13	
yysd85d5	
Syncer	
EXIA03	
CherryyPoppins	
J-plick	
Kilnaggon	
MFONER5	
The-TAINT-	
shimafa	
DR650adv	
IanProjecT	
guizao_mafioso	
INFantryMAIN	
Satoshi4k	
Nartas22	
JSF_Tema	
Trix_bC	
1meijin	
ScrubLawrd	
BigTheCat	
Catzor	
OMGitzArsnL	
Stickyleaf	
khark98	
Heroin_Unicorn	
RizBot	
TimedDeath	
Loonzkie	
BaeDanny	
Snake_Daddy	
Sudi_Booty	
cm3nApollo	
Wellan_Letele	
UOL_Tilli	
RMS11SMR	
edgarfp3	
Pepitas-	
Choppa_Rain	
DiarrheaBurrito	
emike	
C-Money	
SilentKiller1253	
RatKiller_PT	
mmmbop16	
ThanhPol	
MingoWrezz	
GayCowgirls	
BreachingBad	
Z0NED	
BatSakter	
cinto_mamochi	
BattleBros_Ingy	
KOoba1	
Rhonnes	
King_Harley	
Spartycus	
Da_kereso	
Globespy	
GiraffeMain	
tardis0531	
CHICOI	
adiDuck	
GrizzAp3	
DopeNames	
Copenhagen_Jay	
MassCash	
rufusYA	
K-9_Slayer	
BinBungBu	
StreetGang	
Ember75	
Slopokii	
Togiiiii	
RTB_Docfire	
Geio98kzz	
ZeNTTRiiX	
Chienkhug04	
DustyNinja	
JessJess	
CerealWater	
Spiritwalker_	
GOAZITO	
Guda_	
Kukuro_02	
Voloster	
DeX_17	
CemCanatar	
Who2255	
BigDouble99	
ArtificialFate	
Tellio	
EviL-o-LivE	
A3RGIA	
Cocoamo	
Atif	
SarjanSanto	
Demicoru	
pignugget	
The_Bumblepuss	
WakeUpShawn	
SoS_Squirrel	
Schuuu	
WhereWaldo	
marjaon	
mnenoch	
SGGSS_BULBAZARDZ	
ThatOpsGuy	
Chedori	
CocoaCharles	
HookMeUpBaby22	
xOParadox	
Logic_YS	
sadd87	
iZiggins	
Redemption_Song	
samlawn	
therealgzus	
jhman829	
Vollmitshokki	
jacksian3000	
ddff2a	
Monitorlizard10	
KFC-FuKiNgRaT	
Darksoul115	
FuckThomas	
grizwald001	
McFathom	
Kizzabutera	
Bigswagginwagon	
Airgiant	
ProfChester	
Braker047	
McJokes	
The25thBaam	
Roguedestroyer	
LCA01	
Hilger	
JayLordG	
KimchiPDX	
Killertoast17	
jycf87	
Feecelet	
Wand12	
ShowMeBelly	
ryanalwaysok	
MaxTrichomes	
T-Riddle	
DropQuick	
Seiya18	
CHEMTRA1LS	
T1ber1us	
Thoven_Flavious	
Finderland	
hehfay	
HeoRung	
BingSuai	
josuew	
Johntrix	
Moloxus	
DaemonDexter	
OpsBlackman	
ExtraTBigdick	
Evilabby	
w00ter	
zwattz	
kouaX	
jamessra	
MrConker	
KLuns	
E4ever	
Mopeyy	
IntheZon3	
baiyang007	
jimbohoffa	
Powwhow	
Plaxer_X	
ITSZAY	
t4c0606	
LeonazLeo-	
Berks_	
my-name-Jeff2	
focktock	
KupausVgovne	
adrian520	
WinWithoutPride	
Ragthar	
mrass	
Chicken_Dinnr	
Catch_44	
Jevik	
JayAllDayTV	
crimes	
AngryToastCR	
PlayerUnnamed21	
spacedis	
SleepyKilla	
Otircam01	
KaostheAssassin	
clwnshoes	
LOLWUT_SOMETHING	
US_Mack5	
VitoCl	
Von_Rippenstein	
FIDLAR	
tootmoses	
ibepeer	
Yolsong	
Lightning-Surge	
Proxiis	
Kohan-Global	
BlueButhole_Inc	
Book-	
Koda-Kingslay	
Kahabs	
Blonneitor	
heeber	
MacDad12	
Cpt_Scuffles	
homegrown_o_O	
TD_kid	
Thefive123	
GeauxKilla	
Judge_Derot	
CrotchPistol	
imadumbidiot	
Nightmanx	
TortillaGorilla	
TedMN	
Maridaze	
Sugarplumb	
Jonnuh	
Solarii	
SmokeDaLa	
Waldoz2	
dethvin14	
Combat_Weasal	
NotBurntToast	
YoungHarry	
frickfrack	
Shagstr99	
DerkThral	
Legalize_PcP	
Quashiee	
LmaoT_T	
Blitzkrieg360	
JCapuchino	
Silentbomber	
omniburn	
Soulbreather	
BoX152	
Yami_Shoumetsu	
RokyRambo	
kidgatilho	
dezzs13	
aknipp1es	
HeebaBeep	
Sporke	
KJOTAcKc	
Bradens	
Handy_Nasty	
BigJohnGaming	
BigDiock	
usodosu	
ThatNicaKid	
Breego	
HoboGames	
wagieee	
